timestamp,value
2024-01-01T00:00:00Z,110.853208
2024-01-02T00:00:00Z,118.978129
2024-01-03T00:00:00Z,127.050367
2024-01-04T00:00:00Z,119.629512
2024-01-05T00:00:00Z,98.678889
2024-01-06T00:00:00Z,92.542228
2024-01-07T00:00:00Z,99.604732
2024-01-08T00:00:00Z,110.250530
2024-01-09T00:00:00Z,122.977912
2024-01-10T00:00:00Z,123.694028
2024-01-11T00:00:00Z,120.589987
2024-01-12T00:00:00Z,107.449357
2024-01-13T00:00:00Z,97.500696
2024-01-14T00:00:00Z,103.527980
2024-01-15T00:00:00Z,113.567127
2024-01-16T00:00:00Z,121.737913
2024-01-17T00:00:00Z,128.230635
2024-01-18T00:00:00Z,116.554710
2024-01-19T00:00:00Z,108.839159
2024-01-20T00:00:00Z,98.279750
2024-01-21T00:00:00Z,100.953322
2024-01-22T00:00:00Z,111.445955
2024-01-23T00:00:00Z,128.656457
2024-01-24T00:00:00Z,127.849543
2024-01-25T00:00:00Z,119.118770
2024-01-26T00:00:00Z,106.466177
2024-01-27T00:00:00Z,100.976542
2024-01-28T00:00:00Z,103.554331
2024-01-29T00:00:00Z,115.561715
2024-01-30T00:00:00Z,127.486242
2024-01-31T00:00:00Z,135.318277
2024-02-01T00:00:00Z,120.212146
2024-02-02T00:00:00Z,107.042219
2024-02-03T00:00:00Z,98.223937
2024-02-04T00:00:00Z,105.264081
2024-02-05T00:00:00Z,118.567018
2024-02-06T00:00:00Z,126.952059
2024-02-07T00:00:00Z,127.951490
2024-02-08T00:00:00Z,120.014681
2024-02-09T00:00:00Z,111.261899
2024-02-10T00:00:00Z,103.537740
2024-02-11T00:00:00Z,106.004454
2024-02-12T00:00:00Z,114.476681
2024-02-13T00:00:00Z,128.845080
2024-02-14T00:00:00Z,131.544047
2024-02-15T00:00:00Z,123.838219
2024-02-16T00:00:00Z,112.771951
2024-02-17T00:00:00Z,102.963243
2024-02-18T00:00:00Z,107.253755
2024-02-19T00:00:00Z,117.386926
2024-02-20T00:00:00Z,129.850380
2024-02-21T00:00:00Z,133.818773
2024-02-22T00:00:00Z,119.967520
2024-02-23T00:00:00Z,110.246172
2024-02-24T00:00:00Z,101.816881
2024-02-25T00:00:00Z,104.347952
2024-02-26T00:00:00Z,117.198403
2024-02-27T00:00:00Z,133.984684
2024-02-28T00:00:00Z,130.371576
2024-02-29T00:00:00Z,127.490039
2024-03-01T00:00:00Z,107.146921
2024-03-02T00:00:00Z,102.900192
2024-03-03T00:00:00Z,107.282548
2024-03-04T00:00:00Z,120.286185
2024-03-05T00:00:00Z,132.452028
2024-03-06T00:00:00Z,135.664660
2024-03-07T00:00:00Z,124.435314
2024-03-08T00:00:00Z,111.182620
2024-03-09T00:00:00Z,106.843684
2024-03-10T00:00:00Z,106.879776
2024-03-11T00:00:00Z,115.646413
2024-03-12T00:00:00Z,127.845828
2024-03-13T00:00:00Z,131.412013
2024-03-14T00:00:00Z,127.331629
2024-03-15T00:00:00Z,113.388371
2024-03-16T00:00:00Z,106.871524
2024-03-17T00:00:00Z,106.700278
2024-03-18T00:00:00Z,120.127657
2024-03-19T00:00:00Z,133.220263
2024-03-20T00:00:00Z,133.553973
2024-03-21T00:00:00Z,127.636224
2024-03-22T00:00:00Z,111.537798
2024-03-23T00:00:00Z,104.307097
2024-03-24T00:00:00Z,107.197010
2024-03-25T00:00:00Z,116.688437
2024-03-26T00:00:00Z,133.168874
2024-03-27T00:00:00Z,133.426208
2024-03-28T00:00:00Z,126.696236
2024-03-29T00:00:00Z,115.024850
2024-03-30T00:00:00Z,106.845039
2024-03-31T00:00:00Z,110.383567
2024-04-01T00:00:00Z,119.999125
2024-04-02T00:00:00Z,130.841677
2024-04-03T00:00:00Z,134.722337
2024-04-04T00:00:00Z,122.125172
2024-04-05T00:00:00Z,109.798739
2024-04-06T00:00:00Z,102.046528
2024-04-07T00:00:00Z,105.866977
2024-04-08T00:00:00Z,121.516488
2024-04-09T00:00:00Z,129.597279
2024-04-10T00:00:00Z,133.975893
2024-04-11T00:00:00Z,130.560265
2024-04-12T00:00:00Z,112.909381
2024-04-13T00:00:00Z,107.854979
2024-04-14T00:00:00Z,106.068611
2024-04-15T00:00:00Z,119.829035
2024-04-16T00:00:00Z,129.463416
2024-04-17T00:00:00Z,134.060085
2024-04-18T00:00:00Z,129.233750
2024-04-19T00:00:00Z,109.012779
2024-04-20T00:00:00Z,106.932643
2024-04-21T00:00:00Z,109.258759
2024-04-22T00:00:00Z,118.635116
2024-04-23T00:00:00Z,127.953191
2024-04-24T00:00:00Z,135.074302
2024-04-25T00:00:00Z,125.245648
2024-04-26T00:00:00Z,114.332586
2024-04-27T00:00:00Z,105.593837
2024-04-28T00:00:00Z,112.879159
2024-04-29T00:00:00Z,119.414413
2024-04-30T00:00:00Z,128.907142
2024-05-01T00:00:00Z,135.130123
2024-05-02T00:00:00Z,127.085184
2024-05-03T00:00:00Z,117.213065
2024-05-04T00:00:00Z,107.582624
2024-05-05T00:00:00Z,109.090630
2024-05-06T00:00:00Z,123.864763
2024-05-07T00:00:00Z,128.113144
2024-05-08T00:00:00Z,132.491580
2024-05-09T00:00:00Z,123.515656
2024-05-10T00:00:00Z,111.943049
2024-05-11T00:00:00Z,101.003230
2024-05-12T00:00:00Z,109.470082
2024-05-13T00:00:00Z,118.732358
2024-05-14T00:00:00Z,126.897462
2024-05-15T00:00:00Z,131.000453
2024-05-16T00:00:00Z,126.536430
2024-05-17T00:00:00Z,114.917311
2024-05-18T00:00:00Z,109.972545
2024-05-19T00:00:00Z,115.362120
2024-05-20T00:00:00Z,120.014670
2024-05-21T00:00:00Z,127.733050
2024-05-22T00:00:00Z,127.350881
2024-05-23T00:00:00Z,125.873425
2024-05-24T00:00:00Z,109.748479
2024-05-25T00:00:00Z,102.661984
2024-05-26T00:00:00Z,104.922065
2024-05-27T00:00:00Z,117.882305
2024-05-28T00:00:00Z,132.900486
2024-05-29T00:00:00Z,133.162345
2024-05-30T00:00:00Z,124.071896
2024-05-31T00:00:00Z,108.507597
2024-06-01T00:00:00Z,98.509295
2024-06-02T00:00:00Z,104.638643
2024-06-03T00:00:00Z,117.481483
2024-06-04T00:00:00Z,134.212927
2024-06-05T00:00:00Z,132.426033
2024-06-06T00:00:00Z,126.598319
2024-06-07T00:00:00Z,109.332146
2024-06-08T00:00:00Z,99.195733
2024-06-09T00:00:00Z,102.605824
2024-06-10T00:00:00Z,114.902220
2024-06-11T00:00:00Z,134.516410
2024-06-12T00:00:00Z,129.048806
2024-06-13T00:00:00Z,125.475559
2024-06-14T00:00:00Z,107.477098
2024-06-15T00:00:00Z,104.391347
2024-06-16T00:00:00Z,105.649895
2024-06-17T00:00:00Z,115.752932
2024-06-18T00:00:00Z,127.696281
2024-06-19T00:00:00Z,128.764332
2024-06-20T00:00:00Z,123.621442
2024-06-21T00:00:00Z,107.971868
2024-06-22T00:00:00Z,97.587928
2024-06-23T00:00:00Z,100.226920
2024-06-24T00:00:00Z,115.904588
2024-06-25T00:00:00Z,131.458684
2024-06-26T00:00:00Z,130.269797
2024-06-27T00:00:00Z,121.261887
2024-06-28T00:00:00Z,109.265604
2024-06-29T00:00:00Z,103.894014
2024-06-30T00:00:00Z,103.635401
2024-07-01T00:00:00Z,113.485414
2024-07-02T00:00:00Z,129.348474
2024-07-03T00:00:00Z,130.235228
2024-07-04T00:00:00Z,125.106618
2024-07-05T00:00:00Z,108.190596
2024-07-06T00:00:00Z,96.021051
2024-07-07T00:00:00Z,98.403031
2024-07-08T00:00:00Z,118.472032
2024-07-09T00:00:00Z,130.291514
2024-07-10T00:00:00Z,127.747685
2024-07-11T00:00:00Z,118.950735
2024-07-12T00:00:00Z,110.988555
2024-07-13T00:00:00Z,95.570904
2024-07-14T00:00:00Z,98.952086
2024-07-15T00:00:00Z,114.876853
2024-07-16T00:00:00Z,123.589399
2024-07-17T00:00:00Z,127.468262
2024-07-18T00:00:00Z,118.801783
2024-07-19T00:00:00Z,107.081260
2024-07-20T00:00:00Z,101.855175
2024-07-21T00:00:00Z,100.958883
2024-07-22T00:00:00Z,114.131094
2024-07-23T00:00:00Z,118.211216
2024-07-24T00:00:00Z,126.608744
2024-07-25T00:00:00Z,116.166349
2024-07-26T00:00:00Z,101.997031
2024-07-27T00:00:00Z,94.735009
2024-07-28T00:00:00Z,99.055528
2024-07-29T00:00:00Z,114.184902
2024-07-30T00:00:00Z,119.536851
2024-07-31T00:00:00Z,126.136979
2024-08-01T00:00:00Z,116.485033
2024-08-02T00:00:00Z,103.813051
2024-08-03T00:00:00Z,99.330153
2024-08-04T00:00:00Z,100.834409
2024-08-05T00:00:00Z,114.709967
2024-08-06T00:00:00Z,122.171523
2024-08-07T00:00:00Z,123.464713
2024-08-08T00:00:00Z,116.585039
2024-08-09T00:00:00Z,104.789896
2024-08-10T00:00:00Z,96.406673
2024-08-11T00:00:00Z,95.690936
2024-08-12T00:00:00Z,110.628090
2024-08-13T00:00:00Z,122.662801
2024-08-14T00:00:00Z,131.892282
2024-08-15T00:00:00Z,121.907611
2024-08-16T00:00:00Z,101.173243
2024-08-17T00:00:00Z,94.570045
2024-08-18T00:00:00Z,94.103278
2024-08-19T00:00:00Z,108.205882
2024-08-20T00:00:00Z,122.404252
2024-08-21T00:00:00Z,127.728396
2024-08-22T00:00:00Z,114.131715
2024-08-23T00:00:00Z,101.263663
2024-08-24T00:00:00Z,88.907693
2024-08-25T00:00:00Z,97.303457
2024-08-26T00:00:00Z,106.455912
2024-08-27T00:00:00Z,119.621921
2024-08-28T00:00:00Z,121.493748
2024-08-29T00:00:00Z,115.519495
2024-08-30T00:00:00Z,97.797411
2024-08-31T00:00:00Z,90.449812
2024-09-01T00:00:00Z,103.372068
2024-09-02T00:00:00Z,105.491117
2024-09-03T00:00:00Z,117.712704
2024-09-04T00:00:00Z,128.785939
2024-09-05T00:00:00Z,123.625655
2024-09-06T00:00:00Z,99.161252
2024-09-07T00:00:00Z,93.263715
2024-09-08T00:00:00Z,98.118620
2024-09-09T00:00:00Z,113.703282
2024-09-10T00:00:00Z,117.802593
2024-09-11T00:00:00Z,122.753069
2024-09-12T00:00:00Z,117.480567
2024-09-13T00:00:00Z,103.486935
2024-09-14T00:00:00Z,93.085025
2024-09-15T00:00:00Z,96.646608
2024-09-16T00:00:00Z,104.887958
2024-09-17T00:00:00Z,119.789423
2024-09-18T00:00:00Z,122.600343
2024-09-19T00:00:00Z,115.876421
2024-09-20T00:00:00Z,100.653014
2024-09-21T00:00:00Z,95.412999
2024-09-22T00:00:00Z,99.827498
2024-09-23T00:00:00Z,109.159664
2024-09-24T00:00:00Z,121.444292
2024-09-25T00:00:00Z,123.514447
2024-09-26T00:00:00Z,115.262332
2024-09-27T00:00:00Z,100.239726
2024-09-28T00:00:00Z,95.047477
2024-09-29T00:00:00Z,96.804568
2024-09-30T00:00:00Z,114.686912
2024-10-01T00:00:00Z,124.982871
2024-10-02T00:00:00Z,124.580625
2024-10-03T00:00:00Z,113.276731
2024-10-04T00:00:00Z,99.313091
2024-10-05T00:00:00Z,97.680809
2024-10-06T00:00:00Z,98.013543
2024-10-07T00:00:00Z,110.387867
2024-10-08T00:00:00Z,115.926600
2024-10-09T00:00:00Z,126.347568
2024-10-10T00:00:00Z,116.952652
2024-10-11T00:00:00Z,99.602093
2024-10-12T00:00:00Z,93.325234
2024-10-13T00:00:00Z,98.332551
2024-10-14T00:00:00Z,109.523031
2024-10-15T00:00:00Z,120.342334
2024-10-16T00:00:00Z,123.826207
2024-10-17T00:00:00Z,115.356179
2024-10-18T00:00:00Z,103.536059
2024-10-19T00:00:00Z,99.179346
2024-10-20T00:00:00Z,90.837173
2024-10-21T00:00:00Z,109.158550
2024-10-22T00:00:00Z,122.116108
2024-10-23T00:00:00Z,125.421986
2024-10-24T00:00:00Z,115.513262
2024-10-25T00:00:00Z,98.698556
2024-10-26T00:00:00Z,96.501535
2024-10-27T00:00:00Z,103.399759
2024-10-28T00:00:00Z,106.081556
2024-10-29T00:00:00Z,124.610391
2024-10-30T00:00:00Z,124.258178
2024-10-31T00:00:00Z,116.982685
2024-11-01T00:00:00Z,101.283831
2024-11-02T00:00:00Z,95.275909
2024-11-03T00:00:00Z,102.847076
2024-11-04T00:00:00Z,112.665971
2024-11-05T00:00:00Z,127.714567
2024-11-06T00:00:00Z,129.161329
2024-11-07T00:00:00Z,119.084318
2024-11-08T00:00:00Z,109.829243
2024-11-09T00:00:00Z,98.169486
2024-11-10T00:00:00Z,102.266713
2024-11-11T00:00:00Z,110.958841
2024-11-12T00:00:00Z,123.818262
2024-11-13T00:00:00Z,124.692589
2024-11-14T00:00:00Z,121.419292
2024-11-15T00:00:00Z,102.453157
2024-11-16T00:00:00Z,99.949479
2024-11-17T00:00:00Z,100.245337
2024-11-18T00:00:00Z,115.911572
2024-11-19T00:00:00Z,126.589038
2024-11-20T00:00:00Z,132.609485
2024-11-21T00:00:00Z,121.572350
2024-11-22T00:00:00Z,102.239634
2024-11-23T00:00:00Z,98.471373
2024-11-24T00:00:00Z,98.408274
2024-11-25T00:00:00Z,112.102204
2024-11-26T00:00:00Z,129.649703
2024-11-27T00:00:00Z,130.238558
2024-11-28T00:00:00Z,118.520863
2024-11-29T00:00:00Z,104.764297
2024-11-30T00:00:00Z,99.721430
2024-12-01T00:00:00Z,99.263527
2024-12-02T00:00:00Z,112.663160
2024-12-03T00:00:00Z,127.289579
2024-12-04T00:00:00Z,132.694506
2024-12-05T00:00:00Z,123.196804
2024-12-06T00:00:00Z,102.209485
2024-12-07T00:00:00Z,101.511992
2024-12-08T00:00:00Z,103.909197
2024-12-09T00:00:00Z,116.746080
2024-12-10T00:00:00Z,131.993144
2024-12-11T00:00:00Z,124.741079
2024-12-12T00:00:00Z,120.902146
2024-12-13T00:00:00Z,111.350782
2024-12-14T00:00:00Z,97.308369
2024-12-15T00:00:00Z,108.922882
2024-12-16T00:00:00Z,117.706692
2024-12-17T00:00:00Z,130.931413
2024-12-18T00:00:00Z,130.017568
2024-12-19T00:00:00Z,125.938406
2024-12-20T00:00:00Z,113.794892
2024-12-21T00:00:00Z,103.499839
2024-12-22T00:00:00Z,106.561236
2024-12-23T00:00:00Z,118.550409
2024-12-24T00:00:00Z,127.264949
2024-12-25T00:00:00Z,132.327373
2024-12-26T00:00:00Z,124.359673
2024-12-27T00:00:00Z,113.005885
2024-12-28T00:00:00Z,106.778559
2024-12-29T00:00:00Z,104.074060
2024-12-30T00:00:00Z,118.577964
2024-12-31T00:00:00Z,134.966143
2025-01-01T00:00:00Z,131.795083
2025-01-02T00:00:00Z,123.621754
2025-01-03T00:00:00Z,113.636513
2025-01-04T00:00:00Z,107.481075
2025-01-05T00:00:00Z,108.207486
2025-01-06T00:00:00Z,123.786111
2025-01-07T00:00:00Z,134.353340
2025-01-08T00:00:00Z,137.369408
2025-01-09T00:00:00Z,128.609410
2025-01-10T00:00:00Z,120.719679
2025-01-11T00:00:00Z,105.672619
2025-01-12T00:00:00Z,103.693705
2025-01-13T00:00:00Z,125.682525
2025-01-14T00:00:00Z,131.795585
2025-01-15T00:00:00Z,136.434159
2025-01-16T00:00:00Z,131.841082
2025-01-17T00:00:00Z,110.828777
2025-01-18T00:00:00Z,103.851432
2025-01-19T00:00:00Z,105.924804
2025-01-20T00:00:00Z,120.067413
2025-01-21T00:00:00Z,135.403802
2025-01-22T00:00:00Z,138.690517
2025-01-23T00:00:00Z,130.033355
2025-01-24T00:00:00Z,112.439288
2025-01-25T00:00:00Z,101.961896
2025-01-26T00:00:00Z,111.628661
2025-01-27T00:00:00Z,122.031794
2025-01-28T00:00:00Z,136.514291
2025-01-29T00:00:00Z,140.236612
2025-01-30T00:00:00Z,130.688117
2025-01-31T00:00:00Z,119.557303
2025-02-01T00:00:00Z,110.098267
2025-02-02T00:00:00Z,113.979080
2025-02-03T00:00:00Z,122.389999
2025-02-04T00:00:00Z,135.727059
2025-02-05T00:00:00Z,139.815473
2025-02-06T00:00:00Z,133.583033
2025-02-07T00:00:00Z,117.301884
2025-02-08T00:00:00Z,111.881851
2025-02-09T00:00:00Z,112.707103
2025-02-10T00:00:00Z,124.980732
2025-02-11T00:00:00Z,139.489376
2025-02-12T00:00:00Z,134.610442
2025-02-13T00:00:00Z,128.571480
2025-02-14T00:00:00Z,115.159607
2025-02-15T00:00:00Z,104.782926
2025-02-16T00:00:00Z,112.435669
2025-02-17T00:00:00Z,128.280302
2025-02-18T00:00:00Z,137.229558
2025-02-19T00:00:00Z,141.593604
2025-02-20T00:00:00Z,136.088263
2025-02-21T00:00:00Z,123.851974
2025-02-22T00:00:00Z,111.935875
2025-02-23T00:00:00Z,118.924754
2025-02-24T00:00:00Z,127.227056
2025-02-25T00:00:00Z,136.456860
2025-02-26T00:00:00Z,140.136764
2025-02-27T00:00:00Z,129.641022
2025-02-28T00:00:00Z,118.382356
2025-03-01T00:00:00Z,111.848134
2025-03-02T00:00:00Z,118.092152
2025-03-03T00:00:00Z,132.480780
2025-03-04T00:00:00Z,135.610959
2025-03-05T00:00:00Z,143.566315
2025-03-06T00:00:00Z,131.523989
2025-03-07T00:00:00Z,122.834805
2025-03-08T00:00:00Z,113.105459
2025-03-09T00:00:00Z,111.322763
2025-03-10T00:00:00Z,130.854180
2025-03-11T00:00:00Z,138.364403
2025-03-12T00:00:00Z,141.533710
2025-03-13T00:00:00Z,131.989219
2025-03-14T00:00:00Z,120.205344
2025-03-15T00:00:00Z,115.186843
2025-03-16T00:00:00Z,116.420128
2025-03-17T00:00:00Z,129.660281
2025-03-18T00:00:00Z,141.541142
2025-03-19T00:00:00Z,147.180027
2025-03-20T00:00:00Z,134.462374
2025-03-21T00:00:00Z,118.323813
2025-03-22T00:00:00Z,117.382607
2025-03-23T00:00:00Z,116.411366
2025-03-24T00:00:00Z,132.234231
2025-03-25T00:00:00Z,141.958326
2025-03-26T00:00:00Z,143.455810
2025-03-27T00:00:00Z,136.723231
2025-03-28T00:00:00Z,128.229951
2025-03-29T00:00:00Z,120.501609
2025-03-30T00:00:00Z,117.809024
2025-03-31T00:00:00Z,129.820644
2025-04-01T00:00:00Z,144.140570
2025-04-02T00:00:00Z,141.680841
2025-04-03T00:00:00Z,136.888407
2025-04-04T00:00:00Z,122.887296
2025-04-05T00:00:00Z,115.741041
2025-04-06T00:00:00Z,115.440798
2025-04-07T00:00:00Z,125.064239
2025-04-08T00:00:00Z,135.449115
2025-04-09T00:00:00Z,141.029855
2025-04-10T00:00:00Z,134.764844
2025-04-11T00:00:00Z,122.215611
2025-04-12T00:00:00Z,120.346721
2025-04-13T00:00:00Z,120.914962
2025-04-14T00:00:00Z,126.848735
2025-04-15T00:00:00Z,142.238271
2025-04-16T00:00:00Z,143.013635
2025-04-17T00:00:00Z,135.231598
2025-04-18T00:00:00Z,123.517957
2025-04-19T00:00:00Z,116.602530
2025-04-20T00:00:00Z,116.798579
2025-04-21T00:00:00Z,132.435717
2025-04-22T00:00:00Z,137.965698
2025-04-23T00:00:00Z,144.053819
2025-04-24T00:00:00Z,143.168184
2025-04-25T00:00:00Z,123.474905
2025-04-26T00:00:00Z,118.717540
2025-04-27T00:00:00Z,117.825000
2025-04-28T00:00:00Z,130.888005
2025-04-29T00:00:00Z,140.793796
2025-04-30T00:00:00Z,143.333473
2025-05-01T00:00:00Z,133.471690
2025-05-02T00:00:00Z,123.799791
2025-05-03T00:00:00Z,112.050149
2025-05-04T00:00:00Z,119.147677
2025-05-05T00:00:00Z,132.001445
2025-05-06T00:00:00Z,141.665547
2025-05-07T00:00:00Z,142.681389
2025-05-08T00:00:00Z,136.583566
2025-05-09T00:00:00Z,121.374988
2025-05-10T00:00:00Z,116.684571
2025-05-11T00:00:00Z,111.773110
2025-05-12T00:00:00Z,127.626536
2025-05-13T00:00:00Z,134.655336
2025-05-14T00:00:00Z,138.873995
2025-05-15T00:00:00Z,138.695662
2025-05-16T00:00:00Z,124.297463
2025-05-17T00:00:00Z,111.589638
2025-05-18T00:00:00Z,112.220839
2025-05-19T00:00:00Z,119.780209
2025-05-20T00:00:00Z,138.210521
2025-05-21T00:00:00Z,149.328272
2025-05-22T00:00:00Z,135.573916
2025-05-23T00:00:00Z,119.692188
2025-05-24T00:00:00Z,114.363315
2025-05-25T00:00:00Z,111.503149
2025-05-26T00:00:00Z,126.683659
2025-05-27T00:00:00Z,139.435630
2025-05-28T00:00:00Z,141.724544
2025-05-29T00:00:00Z,135.974971
2025-05-30T00:00:00Z,121.618655
2025-05-31T00:00:00Z,114.317478
2025-06-01T00:00:00Z,113.322114
2025-06-02T00:00:00Z,129.396657
2025-06-03T00:00:00Z,143.075852
2025-06-04T00:00:00Z,138.598310
2025-06-05T00:00:00Z,130.615879
2025-06-06T00:00:00Z,123.726417
2025-06-07T00:00:00Z,111.235082
2025-06-08T00:00:00Z,118.497295
2025-06-09T00:00:00Z,124.953326
2025-06-10T00:00:00Z,141.891477
2025-06-11T00:00:00Z,140.978538
2025-06-12T00:00:00Z,133.113505
2025-06-13T00:00:00Z,123.650118
2025-06-14T00:00:00Z,110.034488
2025-06-15T00:00:00Z,111.202234
2025-06-16T00:00:00Z,124.201674
2025-06-17T00:00:00Z,138.343829
2025-06-18T00:00:00Z,135.481184
2025-06-19T00:00:00Z,133.425574
2025-06-20T00:00:00Z,117.006072
2025-06-21T00:00:00Z,113.502853
2025-06-22T00:00:00Z,106.371064
2025-06-23T00:00:00Z,122.489249
2025-06-24T00:00:00Z,131.585802
2025-06-25T00:00:00Z,136.779405
2025-06-26T00:00:00Z,131.558859
2025-06-27T00:00:00Z,117.235018
2025-06-28T00:00:00Z,108.799504
2025-06-29T00:00:00Z,111.847305
2025-06-30T00:00:00Z,124.477479
2025-07-01T00:00:00Z,132.698984
2025-07-02T00:00:00Z,140.285895
2025-07-03T00:00:00Z,131.933909
2025-07-04T00:00:00Z,118.027474
2025-07-05T00:00:00Z,110.279521
2025-07-06T00:00:00Z,112.335294
2025-07-07T00:00:00Z,128.818819
2025-07-08T00:00:00Z,134.492249
2025-07-09T00:00:00Z,136.661001
2025-07-10T00:00:00Z,127.183858
2025-07-11T00:00:00Z,113.275782
2025-07-12T00:00:00Z,104.455198
2025-07-13T00:00:00Z,108.237208
2025-07-14T00:00:00Z,122.145533
2025-07-15T00:00:00Z,134.897551
2025-07-16T00:00:00Z,136.892314
2025-07-17T00:00:00Z,126.381670
2025-07-18T00:00:00Z,117.921497
2025-07-19T00:00:00Z,109.248645
2025-07-20T00:00:00Z,109.521380
2025-07-21T00:00:00Z,119.762088
2025-07-22T00:00:00Z,134.748474
2025-07-23T00:00:00Z,136.531602
2025-07-24T00:00:00Z,123.731652
2025-07-25T00:00:00Z,114.477226
2025-07-26T00:00:00Z,107.184200
2025-07-27T00:00:00Z,106.727347
2025-07-28T00:00:00Z,121.406064
2025-07-29T00:00:00Z,128.430038
2025-07-30T00:00:00Z,139.043940
2025-07-31T00:00:00Z,130.584948
2025-08-01T00:00:00Z,113.271997
2025-08-02T00:00:00Z,106.787098
2025-08-03T00:00:00Z,101.825340
2025-08-04T00:00:00Z,116.971313
2025-08-05T00:00:00Z,131.023748
2025-08-06T00:00:00Z,131.651884
2025-08-07T00:00:00Z,128.450930
2025-08-08T00:00:00Z,118.940342
2025-08-09T00:00:00Z,101.852943
2025-08-10T00:00:00Z,105.615673
2025-08-11T00:00:00Z,120.265433
2025-08-12T00:00:00Z,135.764417
2025-08-13T00:00:00Z,130.648271
2025-08-14T00:00:00Z,126.575307
2025-08-15T00:00:00Z,117.885480
2025-08-16T00:00:00Z,99.971234
2025-08-17T00:00:00Z,103.833249
2025-08-18T00:00:00Z,117.890942
2025-08-19T00:00:00Z,129.277905
2025-08-20T00:00:00Z,135.840067
2025-08-21T00:00:00Z,126.060322
2025-08-22T00:00:00Z,107.333622
2025-08-23T00:00:00Z,105.569178
2025-08-24T00:00:00Z,105.345392
2025-08-25T00:00:00Z,122.200325
2025-08-26T00:00:00Z,128.545900
2025-08-27T00:00:00Z,131.362791
2025-08-28T00:00:00Z,126.492489
2025-08-29T00:00:00Z,114.046642
2025-08-30T00:00:00Z,105.001094
2025-08-31T00:00:00Z,101.876834
2025-09-01T00:00:00Z,119.786155
2025-09-02T00:00:00Z,127.068803
2025-09-03T00:00:00Z,133.479894
2025-09-04T00:00:00Z,120.680906
2025-09-05T00:00:00Z,112.864570
2025-09-06T00:00:00Z,101.206876
2025-09-07T00:00:00Z,102.738720
2025-09-08T00:00:00Z,120.026728
2025-09-09T00:00:00Z,130.404752
2025-09-10T00:00:00Z,130.880299
2025-09-11T00:00:00Z,128.524125
2025-09-12T00:00:00Z,110.189764
2025-09-13T00:00:00Z,103.379348
2025-09-14T00:00:00Z,106.922621
2025-09-15T00:00:00Z,116.148106
2025-09-16T00:00:00Z,130.918135
2025-09-17T00:00:00Z,130.992332
2025-09-18T00:00:00Z,123.210644
2025-09-19T00:00:00Z,115.157320
2025-09-20T00:00:00Z,100.310135
2025-09-21T00:00:00Z,99.364279
2025-09-22T00:00:00Z,122.360332
2025-09-23T00:00:00Z,136.719809
2025-09-24T00:00:00Z,131.350237
2025-09-25T00:00:00Z,118.955385
2025-09-26T00:00:00Z,110.504221
2025-09-27T00:00:00Z,102.470404
2025-09-28T00:00:00Z,105.652765
2025-09-29T00:00:00Z,114.813177
2025-09-30T00:00:00Z,131.301913
2025-10-01T00:00:00Z,134.067581
2025-10-02T00:00:00Z,120.324702
2025-10-03T00:00:00Z,113.478383
2025-10-04T00:00:00Z,109.182961
2025-10-05T00:00:00Z,106.846216
2025-10-06T00:00:00Z,117.182888
2025-10-07T00:00:00Z,129.494821
2025-10-08T00:00:00Z,134.551510
2025-10-09T00:00:00Z,119.909514
2025-10-10T00:00:00Z,112.243788
2025-10-11T00:00:00Z,102.621484
2025-10-12T00:00:00Z,111.834425
2025-10-13T00:00:00Z,117.951916
2025-10-14T00:00:00Z,134.891088
2025-10-15T00:00:00Z,130.083215
2025-10-16T00:00:00Z,126.760894
2025-10-17T00:00:00Z,113.055209
2025-10-18T00:00:00Z,101.675006
2025-10-19T00:00:00Z,107.566876
2025-10-20T00:00:00Z,122.260331
2025-10-21T00:00:00Z,129.756016
2025-10-22T00:00:00Z,128.893699
2025-10-23T00:00:00Z,125.540687
2025-10-24T00:00:00Z,110.123100
2025-10-25T00:00:00Z,103.654389
2025-10-26T00:00:00Z,107.361838
2025-10-27T00:00:00Z,114.624978
2025-10-28T00:00:00Z,126.689618
2025-10-29T00:00:00Z,135.547001
2025-10-30T00:00:00Z,124.707346
2025-10-31T00:00:00Z,106.064652
2025-11-01T00:00:00Z,107.421389
2025-11-02T00:00:00Z,108.978502
2025-11-03T00:00:00Z,118.042106
2025-11-04T00:00:00Z,128.180920
2025-11-05T00:00:00Z,137.206348
2025-11-06T00:00:00Z,127.832155
2025-11-07T00:00:00Z,120.614229
2025-11-08T00:00:00Z,107.111199
2025-11-09T00:00:00Z,110.025961
2025-11-10T00:00:00Z,120.311599
2025-11-11T00:00:00Z,134.906409
2025-11-12T00:00:00Z,137.380896
2025-11-13T00:00:00Z,131.136380
2025-11-14T00:00:00Z,113.273642
2025-11-15T00:00:00Z,105.518578
2025-11-16T00:00:00Z,108.414410
2025-11-17T00:00:00Z,123.821019
2025-11-18T00:00:00Z,137.654738
2025-11-19T00:00:00Z,135.197636
2025-11-20T00:00:00Z,127.305595
2025-11-21T00:00:00Z,116.487650
2025-11-22T00:00:00Z,106.935742
2025-11-23T00:00:00Z,113.318862
2025-11-24T00:00:00Z,116.209855
2025-11-25T00:00:00Z,132.063200
2025-11-26T00:00:00Z,135.220716
2025-11-27T00:00:00Z,122.937241
2025-11-28T00:00:00Z,113.859280
2025-11-29T00:00:00Z,106.020401
2025-11-30T00:00:00Z,111.058479
2025-12-01T00:00:00Z,126.608858
2025-12-02T00:00:00Z,134.678551
2025-12-03T00:00:00Z,135.520734
2025-12-04T00:00:00Z,130.278837
2025-12-05T00:00:00Z,120.507522
2025-12-06T00:00:00Z,106.870570
2025-12-07T00:00:00Z,110.100178
2025-12-08T00:00:00Z,126.092251
2025-12-09T00:00:00Z,135.787471
2025-12-10T00:00:00Z,141.270055
2025-12-11T00:00:00Z,131.456960
2025-12-12T00:00:00Z,120.597870
2025-12-13T00:00:00Z,107.774662
2025-12-14T00:00:00Z,113.691564
2025-12-15T00:00:00Z,125.019716
2025-12-16T00:00:00Z,134.090063
2025-12-17T00:00:00Z,136.171327
2025-12-18T00:00:00Z,134.512146
2025-12-19T00:00:00Z,118.752061
2025-12-20T00:00:00Z,108.916376
2025-12-21T00:00:00Z,114.566068
2025-12-22T00:00:00Z,129.881880
2025-12-23T00:00:00Z,132.225805
2025-12-24T00:00:00Z,137.479046
2025-12-25T00:00:00Z,131.131511
2025-12-26T00:00:00Z,124.952267
2025-12-27T00:00:00Z,113.698656
2025-12-28T00:00:00Z,118.114639
2025-12-29T00:00:00Z,124.663607
2025-12-30T00:00:00Z,136.611366
